{"initial_reset_timestamp": 1490215136.9168959, "timestamps": [1490215157.5080347], "episode_types": ["t"], "episode_rewards": [260.0], "episode_lengths": [614]}