{"episode_rewards": [105.0], "timestamps": [1490222307.534013], "initial_reset_timestamp": 1490222285.0942492, "episode_lengths": [669], "episode_types": ["t"]}